Review,Sentiment
"The product is amazing and works like a charm",Positive
"Completely disappointed, it stopped working in 2 days",Negative
"Excellent quality and fast delivery",Positive
"The item arrived late and was broken",Negative
"Superb value for money, will buy again!",Positive
"Terrible experience, customer support was rude",Negative
"I'm extremely happy with my purchase",Positive
"Waste of money, didn't meet expectations",Negative
"Highly recommended to everyone",Positive
"The product looks cheap and feels fragile",Negative
"Great features and very easy to use",Positive
"Not what I expected, very poor quality",Negative
"Absolutely love it! Worth every penny",Positive
"Doesn't work as advertised, don't buy it",Negative
"Outstanding service and top-notch build",Positive
"Packaging was damaged and item was missing parts",Negative
"Loved it, my kids enjoy it a lot",Positive
"Regret buying this, not worth the hype",Negative
"Perfect for daily use, highly satisfied",Positive
"Fake product delivered, complete scam",Negative